{
    "acc": 0.6935975609756098,
    "precission": 0.6524822695035462,
    "recall": 0.3770491803278688,
    "f1_score": 0.4779220779220779
}